{
  "method": {
    "tau": 0.4,
    "anchor_cfg": "acme-llama3-20260526",
    "robust_cfg": "acme-claudehaiku-20260526",
    "seed": 20260524
  },
  "n_trial_primitives": 301,
  "n_classified": 301,
  "distribution": {
    "harmful_content": 40,
    "agentic_compromise": 120,
    "info_extraction": 41,
    "generic_jailbreak": 92,
    "ambiguous": 8
  },
  "overall": {
    "panel": [
      0.4019933554817276,
      0.34551495016611294,
      0.4584717607973422
    ],
    "anchor": [
      0.08970099667774087,
      0.059800664451827246,
      0.12292358803986711
    ],
    "robust": [
      0.036544850498338874,
      0.016611295681063124,
      0.059800664451827246
    ]
  },
  "strata": {
    "harmful_content": {
      "n": 40,
      "panel": [
        0.625,
        0.475,
        0.775
      ],
      "anchor": [
        0.15,
        0.05,
        0.275
      ],
      "robust": [
        0.025,
        0.0,
        0.075
      ]
    },
    "agentic_compromise": {
      "n": 120,
      "panel": [
        0.36666666666666664,
        0.2833333333333333,
        0.45
      ],
      "anchor": [
        0.08333333333333333,
        0.03333333333333333,
        0.14166666666666666
      ],
      "robust": [
        0.05,
        0.016666666666666666,
        0.09166666666666666
      ]
    },
    "info_extraction": {
      "n": 41,
      "panel": [
        0.4634146341463415,
        0.3170731707317073,
        0.6341463414634146
      ],
      "anchor": [
        0.24390243902439024,
        0.12195121951219512,
        0.3902439024390244
      ],
      "robust": [
        0.0975609756097561,
        0.024390243902439025,
        0.1951219512195122
      ]
    },
    "generic_jailbreak": {
      "n": 92,
      "panel": [
        0.30434782608695654,
        0.20652173913043478,
        0.391304347826087
      ],
      "anchor": [
        0.0,
        0.0,
        0.0
      ],
      "robust": [
        0.0,
        0.0,
        0.0
      ]
    },
    "ambiguous": {
      "n": 8,
      "panel": [
        0.625,
        0.25,
        0.875
      ],
      "anchor": [
        0.125,
        0.0,
        0.375
      ],
      "robust": [
        0.0,
        0.0,
        0.0
      ]
    }
  }
}