{
  "t": 0.1885245901639344,
  "t_ci": [
    0.12903622583107394,
    0.26702993988837015
  ],
  "marginal_m": 0.16,
  "m_ci": [
    0.10095202349473717,
    0.24420444558894414
  ],
  "verdict": "INCONCLUSIVE",
  "borderline_within_m_ci": true,
  "n_sample": 100,
  "n_fresh": 47
}