{
  "meta": {
    "tau_primary": 0.4,
    "n_baseline_prims": 301,
    "n_baseline_rows": 10244,
    "llama_anchor": "acme-llama3-20260526",
    "robust": "acme-claudehaiku-20260526"
  },
  "C1": {
    "ALL": {
      "0.2": {
        "n": 301,
        "rate": 0.5647840531561462,
        "ci": [
          0.5083056478405316,
          0.6245847176079734
        ]
      },
      "0.4": {
        "n": 301,
        "rate": 0.4053156146179402,
        "ci": [
          0.3521594684385382,
          0.46179401993355484
        ]
      },
      "0.6": {
        "n": 301,
        "rate": 0.3122923588039867,
        "ci": [
          0.2591362126245847,
          0.36212624584717606
        ]
      }
    },
    "arxiv": {
      "0.2": {
        "n": 79,
        "rate": 0.6582278481012658,
        "ci": [
          0.5569620253164557,
          0.7721518987341772
        ]
      },
      "0.4": {
        "n": 79,
        "rate": 0.5189873417721519,
        "ci": [
          0.4050632911392405,
          0.620253164556962
        ]
      },
      "0.6": {
        "n": 79,
        "rate": 0.4177215189873418,
        "ci": [
          0.31645569620253167,
          0.5189873417721519
        ]
      }
    },
    "grey-lit": {
      "0.2": {
        "n": 222,
        "rate": 0.5315315315315315,
        "ci": [
          0.46846846846846846,
          0.5990990990990991
        ]
      },
      "0.4": {
        "n": 222,
        "rate": 0.36486486486486486,
        "ci": [
          0.30180180180180183,
          0.42792792792792794
        ]
      },
      "0.6": {
        "n": 222,
        "rate": 0.2747747747747748,
        "ci": [
          0.21171171171171171,
          0.3333333333333333
        ]
      }
    }
  },
  "C1_funnel": {
    "ALL": {
      "any": {
        "rate": 0.4053156146179402,
        "ci": [
          0.3521594684385382,
          0.46179401993355484
        ]
      },
      "llama": {
        "rate": 0.08970099667774087,
        "ci": [
          0.059800664451827246,
          0.12292358803986711
        ]
      },
      "robust": {
        "rate": 0.036544850498338874,
        "ci": [
          0.016611295681063124,
          0.059800664451827246
        ]
      }
    },
    "arxiv": {
      "any": {
        "rate": 0.5189873417721519,
        "ci": [
          0.4050632911392405,
          0.620253164556962
        ]
      },
      "llama": {
        "rate": 0.13924050632911392,
        "ci": [
          0.0759493670886076,
          0.21518987341772153
        ]
      },
      "robust": {
        "rate": 0.08860759493670886,
        "ci": [
          0.02531645569620253,
          0.1518987341772152
        ]
      }
    },
    "grey-lit": {
      "any": {
        "rate": 0.36486486486486486,
        "ci": [
          0.30180180180180183,
          0.42792792792792794
        ]
      },
      "llama": {
        "rate": 0.07207207207207207,
        "ci": [
          0.04054054054054054,
          0.10810810810810811
        ]
      },
      "robust": {
        "rate": 0.018018018018018018,
        "ci": [
          0.0045045045045045045,
          0.04054054054054054
        ]
      }
    }
  },
  "C2": {
    "n": 56,
    "pooled": {
      "rho": -0.09788112052627487,
      "ci": [
        -0.37406716701159387,
        0.17072063726556183
      ],
      "n": 56
    },
    "max": {
      "rho": -0.13663759160744485,
      "ci": [
        -0.4025927440241767,
        0.13459953865269111
      ],
      "n": 56
    },
    "arxiv-claimed": {
      "rho": 0.1037711461442701,
      "ci": [
        -0.2539195370655663,
        0.4348538961099902
      ],
      "n": 33
    },
    "community-claimed": {
      "rho": -0.17518423486469473,
      "ci": [
        -0.6141252322874738,
        0.32251377609597065
      ],
      "n": 23
    },
    "claims_100pct": {
      "n": 17,
      "reproduce": 7,
      "mean_measured": 0.13326486150015562
    }
  },
  "C3": {
    "rho_orderings": -0.04385964912280701,
    "ci": [
      -0.7295373665480428,
      0.5493725191265111
    ],
    "n_families": 12
  },
  "C3_families": [
    {
      "family": "training_data_extraction",
      "n": 14,
      "repro": 1.0,
      "mean_claim": 0.97575,
      "n_claim": 4
    },
    {
      "family": "multimodal_injection",
      "n": 7,
      "repro": 0.7142857142857143,
      "mean_claim": 0.5,
      "n_claim": 1
    },
    {
      "family": "multi_turn_persona_chain",
      "n": 3,
      "repro": 0.6666666666666666,
      "mean_claim": 0.65,
      "n_claim": 1
    },
    {
      "family": "dan_persona",
      "n": 10,
      "repro": 0.5,
      "mean_claim": null,
      "n_claim": 0
    },
    {
      "family": "direct_instruction_override",
      "n": 46,
      "repro": 0.41304347826086957,
      "mean_claim": 0.7479999999999999,
      "n_claim": 3
    },
    {
      "family": "multi_turn_gradient",
      "n": 13,
      "repro": 0.38461538461538464,
      "mean_claim": 0.9839,
      "n_claim": 4
    },
    {
      "family": "refusal_suppression",
      "n": 34,
      "repro": 0.38235294117647056,
      "mean_claim": 0.8652142857142857,
      "n_claim": 7
    },
    {
      "family": "indirect_prompt_injection",
      "n": 87,
      "repro": 0.3793103448275862,
      "mean_claim": 0.8201296296296294,
      "n_claim": 27
    },
    {
      "family": "system_prompt_leak",
      "n": 27,
      "repro": 0.37037037037037035,
      "mean_claim": 1.0,
      "n_claim": 4
    },
    {
      "family": "obfuscation_encoding",
      "n": 24,
      "repro": 0.3333333333333333,
      "mean_claim": 0.65,
      "n_claim": 1
    },
    {
      "family": "tool_use_hijack",
      "n": 12,
      "repro": 0.3333333333333333,
      "mean_claim": 0.36,
      "n_claim": 1
    },
    {
      "family": "role_hijack",
      "n": 14,
      "repro": 0.21428571428571427,
      "mean_claim": null,
      "n_claim": 0
    },
    {
      "family": "policy_roleplay",
      "n": 5,
      "repro": 0.2,
      "mean_claim": 0.85,
      "n_claim": 1
    },
    {
      "family": "chain_of_thought_hijack",
      "n": 4,
      "repro": 0.0,
      "mean_claim": 0.955,
      "n_claim": 2
    },
    {
      "family": "language_switching",
      "n": 1,
      "repro": 0.0,
      "mean_claim": null,
      "n_claim": 0
    }
  ],
  "C1_temp_robustness": {
    "all (0.7-1.1)": {
      "n": 301,
      "any": 0.4053156146179402,
      "llama": 0.08970099667774087,
      "robust": 0.036544850498338874
    },
    "T=0.70 only": {
      "n": 301,
      "any": 0.3654485049833887,
      "llama": 0.08637873754152824,
      "robust": 0.026578073089700997
    },
    "T>=0.80": {
      "n": 284,
      "any": 0.38028169014084506,
      "llama": 0.07042253521126761,
      "robust": 0.03169014084507042
    }
  }
}