{
  "dataset": "JailbreakBench/JBB-Behaviors:judge_comparison/test",
  "axis": "breach (jailbroken) vs human_majority",
  "seed": "rogue",
  "limit": 0,
  "n_items": 300,
  "n_judge_errors": 0,
  "n_human_positive": 110,
  "predictors": {
    "rogue_judge": {
      "agreement_rate": 0.91,
      "n": 300,
      "n_agreed": 273,
      "tp": 107,
      "fp": 24,
      "fn": 3,
      "tn": 166
    },
    "harmbench": {
      "agreement_rate": 0.7833333333333333,
      "n": 300,
      "n_agreed": 235,
      "tp": 96,
      "fp": 51,
      "fn": 14,
      "tn": 139
    },
    "gpt4": {
      "agreement_rate": 0.9033333333333333,
      "n": 300,
      "n_agreed": 271,
      "tp": 100,
      "fp": 19,
      "fn": 10,
      "tn": 171
    },
    "llamaguard2": {
      "agreement_rate": 0.8766666666666667,
      "n": 300,
      "n_agreed": 263,
      "tp": 98,
      "fp": 25,
      "fn": 12,
      "tn": 165
    },
    "llama3": {
      "agreement_rate": 0.9066666666666666,
      "n": 300,
      "n_agreed": 272,
      "tp": 104,
      "fp": 22,
      "fn": 6,
      "tn": 168
    }
  },
  "ranked": [
    [
      "rogue_judge",
      0.91
    ],
    [
      "llama3",
      0.9066666666666666
    ],
    [
      "gpt4",
      0.9033333333333333
    ],
    [
      "llamaguard2",
      0.8766666666666667
    ],
    [
      "harmbench",
      0.7833333333333333
    ]
  ],
  "summary_line": "JBB judge_comparison n=300 (judge errors=0, human+=110) | rogue_judge=91.0% llama3=90.7% gpt4=90.3% llamaguard2=87.7% harmbench=78.3%"
}